#mysql output
```mysql
>>study:/home/kang>mysql -uyourname -pyourpassword
Welcome to the MySQL monitor.  Commands end with ; or \g.
Your MySQL connection id is 11658
Server version: 5.1.73 Source distribution

Copyright (c) 2000, 2013, Oracle and/or its affiliates. All rights reserved.

Oracle is a registered trademark of Oracle Corporation and/or its
affiliates. Other names may be trademarks of their respective
owners.

Type 'help;' or '\h' for help. Type '\c' to clear the current input statement.

mysql> use kangcunhua;
Reading table information for completion of table and column names
You can turn off this feature to get a quicker startup with -A

Database changed
mysql> show tables;
+----------------------+
| Tables_in_kangcunhua |
+----------------------+
| stat_0               |
| stat_1               |
| stat_2               |
| stat_3               |
+----------------------+
4 rows in set (0.00 sec)


mysql> drop table stat_0;
Query OK, 0 rows affected (0.04 sec)

mysql> drop table stat_1;
Query OK, 0 rows affected (0.01 sec)

mysql> drop table stat_2;
Query OK, 0 rows affected (0.01 sec)

mysql> drop table stat_3;
Query OK, 0 rows affected (0.00 sec)

mysql> show tables;
Empty set (0.00 sec)

mysql> CREATE TABLE `stat_0` (
    -> `id` int(11) unsigned NOT NULL AUTO_INCREMENT,
    -> `host` varchar(256) DEFAULT NULL,
    -> `mem_free` int(11) DEFAULT NULL,
    -> `mem_usage` int(11) DEFAULT NULL,
    -> `mem_total` int(11) DEFAULT NULL,
    -> `load_avg` varchar(128) DEFAULT NULL,
    -> `time` bigint(11) DEFAULT NULL,
    -> `user_define` varchar(4096) DEFAULT "",
    -> PRIMARY KEY (`id`),
    -> KEY `host` (`host`(255))
    -> ) ENGINE=InnoDB DEFAULT CHARSET=utf8;
Query OK, 0 rows affected (0.01 sec)

mysql> CREATE TABLE `stat_1` (
    -> `id` int(11) unsigned NOT NULL AUTO_INCREMENT,
    -> `host` varchar(256) DEFAULT NULL,
    -> `mem_free` int(11) DEFAULT NULL,
    -> `mem_usage` int(11) DEFAULT NULL,
    -> `mem_total` int(11) DEFAULT NULL,
    -> `load_avg` varchar(128) DEFAULT NULL,
    -> `time` bigint(11) DEFAULT NULL,
    -> `user_define` varchar(4096) DEFAULT "",
    -> PRIMARY KEY (`id`),
    -> KEY `host` (`host`(255))
    -> ) ENGINE=InnoDB DEFAULT CHARSET=utf8;
Query OK, 0 rows affected (0.00 sec)

mysql> CREATE TABLE `stat_2` (
    -> `id` int(11) unsigned NOT NULL AUTO_INCREMENT,
    -> `host` varchar(256) DEFAULT NULL,
    -> `mem_free` int(11) DEFAULT NULL,
    -> `mem_usage` int(11) DEFAULT NULL,
    -> `mem_total` int(11) DEFAULT NULL,
    -> `load_avg` varchar(128) DEFAULT NULL,
    -> `time` bigint(11) DEFAULT NULL,
    -> `user_define` varchar(4096) DEFAULT "",
    -> PRIMARY KEY (`id`),
    -> KEY `host` (`host`(255))
    -> ) ENGINE=InnoDB DEFAULT CHARSET=utf8;
Query OK, 0 rows affected (0.00 sec)

mysql> 
mysql> CREATE TABLE `stat_3` (
    -> `id` int(11) unsigned NOT NULL AUTO_INCREMENT,
    -> `host` varchar(256) DEFAULT NULL,
    -> `mem_free` int(11) DEFAULT NULL,
    -> `mem_usage` int(11) DEFAULT NULL,
    -> `mem_total` int(11) DEFAULT NULL,
    -> `load_avg` varchar(128) DEFAULT NULL,
    -> `time` bigint(11) DEFAULT NULL,
    -> `user_define` varchar(4096) DEFAULT "",
    -> PRIMARY KEY (`id`),
    -> KEY `host` (`host`(255))
    -> ) ENGINE=InnoDB DEFAULT CHARSET=utf8;
Query OK, 0 rows affected (0.02 sec)

mysql> show tables;
+----------------------+
| Tables_in_kangcunhua |
+----------------------+
| stat_0               |
| stat_1               |
| stat_2               |
| stat_3               |
+----------------------+
4 rows in set (0.00 sec)

mysql> select * from stat_0;
Empty set (0.00 sec)

mysql> select * from stat_0;
+----+-------+----------+-----------+-----------+----------+------------+------------------------------------------------------------+
| id | host  | mem_free | mem_usage | mem_total | load_avg | time       | user_define                                                |
+----+-------+----------+-----------+-----------+----------+------------+------------------------------------------------------------+
|  1 | host1 |    12967 |      2920 |     15888 | 0.0      | 1449815928 | {"UD_eth11": "4324", "UD_eth2": "432321", "UD_eth1": "10"} |
+----+-------+----------+-----------+-----------+----------+------------+------------------------------------------------------------+
1 row in set (0.00 sec)

mysql> select * from stat_0;
+----+-------+----------+-----------+-----------+----------+------------+------------------------------------------------------------+
| id | host  | mem_free | mem_usage | mem_total | load_avg | time       | user_define                                                |
+----+-------+----------+-----------+-----------+----------+------------+------------------------------------------------------------+
|  1 | host1 |    12967 |      2920 |     15888 | 0.0      | 1449815928 | {"UD_eth11": "4324", "UD_eth2": "432321", "UD_eth1": "10"} |
+----+-------+----------+-----------+-----------+----------+------------+------------------------------------------------------------+
1 row in set (0.00 sec)

mysql> select * from stat_1;
+----+-------+----------+-----------+-----------+----------+------------+------------------------------------------------------------+
| id | host  | mem_free | mem_usage | mem_total | load_avg | time       | user_define                                                |
+----+-------+----------+-----------+-----------+----------+------------+------------------------------------------------------------+
|  1 | host4 |    12965 |      2922 |     15888 | 0.0      | 1449815958 | {"UD_eth11": "4324", "UD_eth2": "432321", "UD_eth1": "10"} |
+----+-------+----------+-----------+-----------+----------+------------+------------------------------------------------------------+
1 row in set (0.00 sec)

mysql> select * from stat_2;
+----+-------+----------+-----------+-----------+----------+------------+------------------------------------------------------------+
| id | host  | mem_free | mem_usage | mem_total | load_avg | time       | user_define                                                |
+----+-------+----------+-----------+-----------+----------+------------+------------------------------------------------------------+
|  1 | host3 |    12968 |      2919 |     15888 | 0.0      | 1449815988 | {"UD_eth11": "4324", "UD_eth2": "432321", "UD_eth1": "10"} |
+----+-------+----------+-----------+-----------+----------+------------+------------------------------------------------------------+
1 row in set (0.00 sec)

mysql> select * from stat_3;
Empty set (0.00 sec)

mysql> select * from stat_3;
Empty set (0.00 sec)

mysql> select * from stat_3;
Empty set (0.00 sec)

mysql> select * from stat_3;
Empty set (0.00 sec)

mysql> select * from stat_3;
Empty set (0.00 sec)

mysql> select * from stat_3;
Empty set (0.00 sec)

mysql> select * from stat_2;
+----+-------+----------+-----------+-----------+----------+------------+------------------------------------------------------------+
| id | host  | mem_free | mem_usage | mem_total | load_avg | time       | user_define                                                |
+----+-------+----------+-----------+-----------+----------+------------+------------------------------------------------------------+
|  1 | host3 |    12968 |      2919 |     15888 | 0.0      | 1449815988 | {"UD_eth11": "4324", "UD_eth2": "432321", "UD_eth1": "10"} |
|  2 | host3 |    12965 |      2922 |     15888 | 0.0      | 1449816018 | {"UD_eth11": "4324", "UD_eth2": "432321", "UD_eth1": "10"} |
+----+-------+----------+-----------+-----------+----------+------------+------------------------------------------------------------+
2 rows in set (0.00 sec)

mysql> select * from stat_1;
+----+-------+----------+-----------+-----------+----------+------------+------------------------------------------------------------+
| id | host  | mem_free | mem_usage | mem_total | load_avg | time       | user_define                                                |
+----+-------+----------+-----------+-----------+----------+------------+------------------------------------------------------------+
|  1 | host4 |    12965 |      2922 |     15888 | 0.0      | 1449815958 | {"UD_eth11": "4324", "UD_eth2": "432321", "UD_eth1": "10"} |
|  2 | host4 |    12966 |      2922 |     15888 | 0.0      | 1449816048 | {"UD_eth11": "4324", "UD_eth2": "432321", "UD_eth1": "10"} |
|  3 | host4 |    12967 |      2920 |     15888 | 0.0      | 1449816108 | {"UD_eth11": "4324", "UD_eth2": "432321", "UD_eth1": "10"} |
|  4 | host4 |    12963 |      2924 |     15888 | 0.0      | 1449816138 | {"UD_eth11": "4324", "UD_eth2": "432321", "UD_eth1": "10"} |
+----+-------+----------+-----------+-----------+----------+------------+------------------------------------------------------------+
4 rows in set (0.00 sec)

mysql> select * from stat_0;
+----+-------+----------+-----------+-----------+----------+------------+------------------------------------------------------------+
| id | host  | mem_free | mem_usage | mem_total | load_avg | time       | user_define                                                |
+----+-------+----------+-----------+-----------+----------+------------+------------------------------------------------------------+
|  1 | host1 |    12967 |      2920 |     15888 | 0.0      | 1449815928 | {"UD_eth11": "4324", "UD_eth2": "432321", "UD_eth1": "10"} |
|  2 | host1 |    12966 |      2922 |     15888 | 0.0      | 1449816078 | {"UD_eth11": "4324", "UD_eth2": "432321", "UD_eth1": "10"} |
+----+-------+----------+-----------+-----------+----------+------------+------------------------------------------------------------+
2 rows in set (0.00 sec)

mysql> select * from stat_3;
Empty set (0.00 sec)

mysql> select * from stat_3;
Empty set (0.00 sec)

mysql> select * from stat_3;
Empty set (0.00 sec)

mysql> select * from stat_3;
Empty set (0.00 sec)

mysql> select * from stat_3;
Empty set (0.00 sec)

mysql> select * from stat_3;
Empty set (0.00 sec)

mysql> select * from stat_3;
Empty set (0.00 sec)

mysql> select * from stat_0;
+----+-------+----------+-----------+-----------+----------+------------+------------------------------------------------------------+
| id | host  | mem_free | mem_usage | mem_total | load_avg | time       | user_define                                                |
+----+-------+----------+-----------+-----------+----------+------------+------------------------------------------------------------+
|  1 | host1 |    12967 |      2920 |     15888 | 0.0      | 1449815928 | {"UD_eth11": "4324", "UD_eth2": "432321", "UD_eth1": "10"} |
|  2 | host1 |    12966 |      2922 |     15888 | 0.0      | 1449816078 | {"UD_eth11": "4324", "UD_eth2": "432321", "UD_eth1": "10"} |
|  3 | host1 |    12962 |      2925 |     15888 | 0.0      | 1449816198 | {"UD_eth11": "4324", "UD_eth2": "432321", "UD_eth1": "10"} |
+----+-------+----------+-----------+-----------+----------+------------+------------------------------------------------------------+
3 rows in set (0.00 sec)

mysql> select * from stat_1;
+----+-------+----------+-----------+-----------+----------+------------+------------------------------------------------------------+
| id | host  | mem_free | mem_usage | mem_total | load_avg | time       | user_define                                                |
+----+-------+----------+-----------+-----------+----------+------------+------------------------------------------------------------+
|  1 | host4 |    12965 |      2922 |     15888 | 0.0      | 1449815958 | {"UD_eth11": "4324", "UD_eth2": "432321", "UD_eth1": "10"} |
|  2 | host4 |    12966 |      2922 |     15888 | 0.0      | 1449816048 | {"UD_eth11": "4324", "UD_eth2": "432321", "UD_eth1": "10"} |
|  3 | host4 |    12967 |      2920 |     15888 | 0.0      | 1449816108 | {"UD_eth11": "4324", "UD_eth2": "432321", "UD_eth1": "10"} |
|  4 | host4 |    12963 |      2924 |     15888 | 0.0      | 1449816138 | {"UD_eth11": "4324", "UD_eth2": "432321", "UD_eth1": "10"} |
|  5 | host4 |    12965 |      2922 |     15888 | 0.0      | 1449816168 | {"UD_eth11": "4324", "UD_eth2": "432321", "UD_eth1": "10"} |
+----+-------+----------+-----------+-----------+----------+------------+------------------------------------------------------------+
5 rows in set (0.00 sec)

mysql> select * from stat_2;
+----+-------+----------+-----------+-----------+----------+------------+------------------------------------------------------------+
| id | host  | mem_free | mem_usage | mem_total | load_avg | time       | user_define                                                |
+----+-------+----------+-----------+-----------+----------+------------+------------------------------------------------------------+
|  1 | host3 |    12968 |      2919 |     15888 | 0.0      | 1449815988 | {"UD_eth11": "4324", "UD_eth2": "432321", "UD_eth1": "10"} |
|  2 | host3 |    12965 |      2922 |     15888 | 0.0      | 1449816018 | {"UD_eth11": "4324", "UD_eth2": "432321", "UD_eth1": "10"} |
|  3 | host3 |    12965 |      2922 |     15888 | 0.0      | 1449816228 | {"UD_eth11": "4324", "UD_eth2": "432321", "UD_eth1": "10"} |
|  4 | host3 |    12963 |      2925 |     15888 | 0.0      | 1449816258 | {"UD_eth11": "4324", "UD_eth2": "432321", "UD_eth1": "10"} |
+----+-------+----------+-----------+-----------+----------+------------+------------------------------------------------------------+
4 rows in set (0.00 sec)

mysql> select * from stat_3;
Empty set (0.00 sec)

mysql> select * from stat_3;
Empty set (0.00 sec)

mysql> select * from stat_3;
Empty set (0.00 sec)

mysql> select * from stat_3;
Empty set (0.00 sec)

mysql> select * from stat_3;
Empty set (0.00 sec)

mysql> select * from stat_3;
Empty set (0.00 sec)

mysql> select * from stat_3;
Empty set (0.00 sec)

mysql> select * from stat_3;
+----+-------+----------+-----------+-----------+----------+------------+------------------------------------------------------------+
| id | host  | mem_free | mem_usage | mem_total | load_avg | time       | user_define                                                |
+----+-------+----------+-----------+-----------+----------+------------+------------------------------------------------------------+
|  1 | host2 |    12947 |      2940 |     15888 | 0.0      | 1449816348 | {"UD_eth11": "4324", "UD_eth2": "432321", "UD_eth1": "10"} |
+----+-------+----------+-----------+-----------+----------+------------+------------------------------------------------------------+
1 row in set (0.00 sec)

mysql> select * from stat_2;
+----+-------+----------+-----------+-----------+----------+------------+------------------------------------------------------------+
| id | host  | mem_free | mem_usage | mem_total | load_avg | time       | user_define                                                |
+----+-------+----------+-----------+-----------+----------+------------+------------------------------------------------------------+
|  1 | host3 |    12968 |      2919 |     15888 | 0.0      | 1449815988 | {"UD_eth11": "4324", "UD_eth2": "432321", "UD_eth1": "10"} |
|  2 | host3 |    12965 |      2922 |     15888 | 0.0      | 1449816018 | {"UD_eth11": "4324", "UD_eth2": "432321", "UD_eth1": "10"} |
|  3 | host3 |    12965 |      2922 |     15888 | 0.0      | 1449816228 | {"UD_eth11": "4324", "UD_eth2": "432321", "UD_eth1": "10"} |
|  4 | host3 |    12963 |      2925 |     15888 | 0.0      | 1449816258 | {"UD_eth11": "4324", "UD_eth2": "432321", "UD_eth1": "10"} |
|  5 | host3 |    12956 |      2932 |     15888 | 0.0      | 1449816288 | {"UD_eth11": "4324", "UD_eth2": "432321", "UD_eth1": "10"} |
+----+-------+----------+-----------+-----------+----------+------------+------------------------------------------------------------+
5 rows in set (0.00 sec)

mysql> select * from stat_1;
+----+-------+----------+-----------+-----------+----------+------------+------------------------------------------------------------+
| id | host  | mem_free | mem_usage | mem_total | load_avg | time       | user_define                                                |
+----+-------+----------+-----------+-----------+----------+------------+------------------------------------------------------------+
|  1 | host4 |    12965 |      2922 |     15888 | 0.0      | 1449815958 | {"UD_eth11": "4324", "UD_eth2": "432321", "UD_eth1": "10"} |
|  2 | host4 |    12966 |      2922 |     15888 | 0.0      | 1449816048 | {"UD_eth11": "4324", "UD_eth2": "432321", "UD_eth1": "10"} |
|  3 | host4 |    12967 |      2920 |     15888 | 0.0      | 1449816108 | {"UD_eth11": "4324", "UD_eth2": "432321", "UD_eth1": "10"} |
|  4 | host4 |    12963 |      2924 |     15888 | 0.0      | 1449816138 | {"UD_eth11": "4324", "UD_eth2": "432321", "UD_eth1": "10"} |
|  5 | host4 |    12965 |      2922 |     15888 | 0.0      | 1449816168 | {"UD_eth11": "4324", "UD_eth2": "432321", "UD_eth1": "10"} |
|  6 | host4 |    12952 |      2935 |     15888 | 0.0      | 1449816318 | {"UD_eth11": "4324", "UD_eth2": "432321", "UD_eth1": "10"} |
|  7 | host4 |    12951 |      2936 |     15888 | 0.0      | 1449816498 | {"UD_eth11": "4324", "UD_eth2": "432321", "UD_eth1": "10"} |
|  8 | host4 |    12951 |      2936 |     15888 | 0.0      | 1449816528 | {"UD_eth11": "4324", "UD_eth2": "432321", "UD_eth1": "10"} |
|  9 | host4 |    12951 |      2936 |     15888 | 0.0      | 1449816558 | {"UD_eth11": "4324", "UD_eth2": "432321", "UD_eth1": "10"} |
+----+-------+----------+-----------+-----------+----------+------------+------------------------------------------------------------+
9 rows in set (0.00 sec)

mysql> select * from stat_0;
+----+-------+----------+-----------+-----------+----------+------------+------------------------------------------------------------+
| id | host  | mem_free | mem_usage | mem_total | load_avg | time       | user_define                                                |
+----+-------+----------+-----------+-----------+----------+------------+------------------------------------------------------------+
|  1 | host1 |    12967 |      2920 |     15888 | 0.0      | 1449815928 | {"UD_eth11": "4324", "UD_eth2": "432321", "UD_eth1": "10"} |
|  2 | host1 |    12966 |      2922 |     15888 | 0.0      | 1449816078 | {"UD_eth11": "4324", "UD_eth2": "432321", "UD_eth1": "10"} |
|  3 | host1 |    12962 |      2925 |     15888 | 0.0      | 1449816198 | {"UD_eth11": "4324", "UD_eth2": "432321", "UD_eth1": "10"} |
|  4 | host1 |    12961 |      2926 |     15888 | 0.0      | 1449816378 | {"UD_eth11": "4324", "UD_eth2": "432321", "UD_eth1": "10"} |
|  5 | host1 |    12955 |      2932 |     15888 | 0.0      | 1449816408 | {"UD_eth11": "4324", "UD_eth2": "432321", "UD_eth1": "10"} |
|  6 | host5 |    12955 |      2932 |     15888 | 0.0      | 1449816438 | {"UD_eth11": "4324", "UD_eth2": "432321", "UD_eth1": "10"} |
|  7 | host5 |    12954 |      2933 |     15888 | 0.0      | 1449816468 | {"UD_eth11": "4324", "UD_eth2": "432321", "UD_eth1": "10"} |
|  8 | host5 |    12954 |      2933 |     15888 | 0.0      | 1449816588 | {"UD_eth11": "4324", "UD_eth2": "432321", "UD_eth1": "10"} |
|  9 | host5 |    12952 |      2935 |     15888 | 0.0      | 1449816618 | {"UD_eth11": "4324", "UD_eth2": "432321", "UD_eth1": "10"} |
| 10 | host1 |    12952 |      2935 |     15888 | 0.0      | 1449816648 | {"UD_eth11": "4324", "UD_eth2": "432321", "UD_eth1": "10"} |
+----+-------+----------+-----------+-----------+----------+------------+------------------------------------------------------------+
10 rows in set (0.00 sec)

mysql> select * from stat_3;
+----+-------+----------+-----------+-----------+----------+------------+------------------------------------------------------------+
| id | host  | mem_free | mem_usage | mem_total | load_avg | time       | user_define                                                |
+----+-------+----------+-----------+-----------+----------+------------+------------------------------------------------------------+
|  1 | host2 |    12947 |      2940 |     15888 | 0.0      | 1449816348 | {"UD_eth11": "4324", "UD_eth2": "432321", "UD_eth1": "10"} |
+----+-------+----------+-----------+-----------+----------+------------+------------------------------------------------------------+
1 row in set (0.00 sec)

mysql> 
```